{"cameraMode":{"drawMode":0,"name":"Shaded","section":"Shading Mode"},"sceneLighting":false,"audioPlay":false,"sceneViewState":{"showFog":true,"showMaterialUpdate":false,"showSkybox":false,"showFlares":true,"showImageEffects":true,"showParticleSystems":true},"in2DMode":false,"pivot":{"x":473.9447937011719,"y":71.3646240234375,"z":-102.73483276367188},"rotation":{"x":0.1591241955757141,"y":-0.012346317991614342,"z":0.0019894824363291265,"w":0.9872223734855652},"size":6.360716819763184,"orthographic":false}