{"cameraMode":{"drawMode":0,"name":"Shaded","section":"Shading Mode"},"sceneLighting":false,"audioPlay":false,"sceneViewState":{"showFog":true,"showMaterialUpdate":false,"showSkybox":false,"showFlares":true,"showImageEffects":true,"showParticleSystems":true},"in2DMode":false,"pivot":{"x":973.282470703125,"y":360.483154296875,"z":-207.4835205078125},"rotation":{"x":0.26159852743148806,"y":0.03135813772678375,"z":-0.008500668220221997,"w":0.9646744728088379},"size":142.89419555664063,"orthographic":false}