{"cameraMode":{"drawMode":0,"name":"Shaded","section":"Shading Mode"},"sceneLighting":true,"audioPlay":false,"sceneViewState":{"showFog":true,"showMaterialUpdate":false,"showSkybox":true,"showFlares":true,"showImageEffects":true,"showParticleSystems":true},"in2DMode":false,"pivot":{"x":-3.300650119781494,"y":1.1597800254821778,"z":2.641380786895752},"rotation":{"x":0.025056233629584314,"y":0.3049620985984802,"z":-0.008016743697226048,"w":0.9520503282546997},"size":0.9765509963035584,"orthographic":false}