{"cameraMode":{"drawMode":0,"name":"Shaded","section":"Shading Mode"},"sceneLighting":true,"audioPlay":false,"sceneViewState":{"showFog":true,"showMaterialUpdate":true,"showSkybox":true,"showFlares":true,"showImageEffects":true,"showParticleSystems":true},"in2DMode":false,"pivot":{"x":753.3579711914063,"y":348.77166748046877,"z":84.15360260009766},"rotation":{"x":0.019230376929044725,"y":-0.7015368342399597,"z":-0.01894732564687729,"w":-0.7121273875236511},"size":210.77783203125,"orthographic":true}